celltype,AAV_ID,n,mean,sd,median,IQR_lower,IQR_upper
aNSC,AAVpo1_P2,3,0.13030652660032077,0.11676850917799127,0.09905628357243129,0.0656994866471404,0.1792884450395564
aNSC,AAV6_P2,3,0.11892340994721373,0.20573434352380376,2.8531977757597206e-4,1.4265988878798603e-4,0.1783851149208206
aNSC,AAV1_P4,3,0.09778329541608168,0.07107067322152233,0.06292138458227885,0.05689824368215467,0.12123739173310727
aNSC,AAV1_P5,3,0.09679198348727308,0.023560605152047654,0.10467763425473937,0.08748881748289936,0.11003797487537997
aNSC,AAV9_A2,3,0.08835828847424425,0.013662618841844838,0.09096828143847567,0.08227361174795617,0.09574796168264803
aNSC,AAV6_WT,3,0.06688363189807692,0.03179677699221068,0.055722673678674915,0.048947355024748104,0.07923942966170473
aNSC,AAV7_P4,3,0.05020156121390685,0.0173605785946237,0.05290375023866173,0.04227604283850117,0.059478174101689964
aNSC,AAVrh10_A2,3,0.027661363491989777,0.006585378211145311,0.02662124335042803,0.024139592404945884,0.030663074508252796
aNSC,AAV9_P4,3,0.023207366553731186,0.001752143489721868,0.023380228383908495,0.022377713765300563,0.02412345025725046
aNSC,AAV7_A2,3,0.023074822648628934,0.003670982168487461,0.02126843668186719,0.020962741484796987,0.024283710829080006
aNSC,AAV6_P4,3,0.02210523150090239,0.01995891230380342,0.026822144385540453,0.013516255818836309,0.0330526636252875
aNSC,AAV7_P2,3,0.0210388700352611,0.006458221375344616,0.022220900209616593,0.018146089369122733,0.024522665788577216
aNSC,AAV1_P2,3,0.019327633829766766,0.029527231367382525,0.004128640667750689,0.0023123610758837027,0.028743410002641794
aNSC,AAV1_WT,3,0.01883603287754041,0.01110279028132446,0.017277487881918196,0.012936175327417941,0.02395661792985177
aNSC,AAV1_A6,3,0.017700452034446708,0.015507514684394838,0.02206274636132104,0.01127087264496498,0.026311178587365605
aNSC,AAVrh10_P2,3,0.016561983950980217,0.009254953164420175,0.014231328791021125,0.01146323244678393,0.020495407875196957
aNSC,AAV9_A6,3,0.013054273178513869,0.005842141529291489,0.01632885097932779,0.011319073818982464,0.016426761438452234
aNSC,AAV7_A1,3,0.01002285884011831,0.009434901630683726,0.005100632472596889,0.004583794957320066,0.013000809539155844
aNSC,AAV7_A6,3,0.00910263515644363,0.002643123559776496,0.009921084021452137,0.008034091034714214,0.0105804037106773
aNSC,AAVrh10_P4,3,0.00895881710121974,0.0025057672024958446,0.00867220066858117,0.007640441538753843,0.010133884447366352
aNSC,AAV1_A2,3,0.008844519930987577,0.013007718832374919,0.0024821361271172566,0.001362387604181612,0.013145460355858382
aNSC,AAV8_P4,3,0.008410814080595302,0.002064638508917493,0.00831386807228467,0.00735511220390375,0.009418042953131539
aNSC,AAVpo1_A2,3,0.008101682357236229,0.008562316960979626,0.003593195833453805,0.0031644283897131397,0.010784693062868108
aNSC,AAV7_P5,3,0.007514318710972668,0.0018042379137376467,0.007672435615377038,0.0066543308815413815,0.00845336499260614
aNSC,AAV8_P2,3,0.006947802447643232,0.0015836420780702591,0.007256768600730155,0.00624460706203519,0.007805480909794735
aNSC,AAV5_A2,3,0.006809319676544085,0.0020802477070889142,0.006109611074149432,0.005639375387066664,0.007629409664824179
aNSC,AAVpo1_A6,3,0.006583833704224267,3.9849655433099926e-4,0.006586121415759023,0.006385159817474607,0.006783651446741307
aNSC,AAV9_A1,3,0.006391172245465134,0.00196684778339476,0.007215001846737137,0.0056806869588004886,0.007513572332765781
aNSC,AAV5_A6,3,0.0056156618782901,0.004514121661705742,0.00323042243984208,0.003012472040164486,0.007026231997191704
aNSC,AAV8_A2,3,0.005234998763545207,0.0034682806154189847,0.0059372769524404815,0.0037032989679043325,0.00711783765363372
aNSC,AAVrh10_A6,3,0.004941001566293926,0.0026553313756524995,0.004592242231802073,0.0035347628414733896,0.006172860623868537
aNSC,AAV9_P5,3,0.0045038177109834,0.0016938553719094388,0.004839708294366875,0.0037534449310699203,0.005422135782588617
aNSC,AAV6_P5,3,0.0039058434319146273,0.0066557852331325185,6.437132880816108e-5,6.312410336556864e-5,0.005827826708910453
aNSC,AAV1_A1,3,0.003600832367322781,0.0037383125386359706,0.003307964195757163,0.001662766013355159,0.005392464635507594
aNSC,AAV8_P5,3,0.003472143380927628,0.0020950489250084157,0.0042307855816767475,0.002667121003417491,0.004656486858812325
aNSC,AAVrh10_P5,3,0.003059647349853323,0.0014717348317712987,0.003815791611940496,0.0025896713126347007,0.0039076955181155315
aNSC,AAVpo1_P4,3,0.0030273833395620983,0.0010777529406113759,0.0034504002672459074,0.0026263476963458835,0.0036399274466202176
aNSC,AAV9_WT,3,0.0024436132805437352,0.001080211720855086,0.002934708802924795,0.002069905476482944,0.0030628688457950562
aNSC,AAV8_A6,3,0.0020547941637885482,0.0011426042154257668,0.0019000129267665862,0.0014487417206199915,0.0025834559884461237
aNSC,AAV4_A1,3,0.0020029735468570565,0.0032065154380113625,2.794972455500453e-4,1.5312919573001434e-4,0.002991079747330593
aNSC,AAV7_WT,3,0.0018306469702435207,8.230950373828039e-4,0.0017973129094178935,0.0014110191349766934,0.002233607775097534
aNSC,AAVrh10_A1,3,0.0016469874949183775,0.002030508710841354,9.861897311884622e-4,5.076890649978986e-4,0.0024558870429738987
aNSC,AAV3_P4,3,0.001622588367699743,0.0014949034594542259,9.842608884718567e-4,7.685390985436114e-4,0.002157473897241931
aNSC,AAV4_P5,3,0.0012484718462948798,0.0021350625899943993,2.6472596696892648e-5,1.580826213226304e-5,0.001870135805658503
aNSC,AAV2_A2,3,0.0010802544493923464,6.842391303600507e-4,8.291756714227213e-4,6.930996546888491e-4,0.0013418698551110311
aNSC,AAV4mut_A1,3,0.001071032373735062,0.0018149327915976893,3.412235034512228e-5,2.319941511640723e-5,0.001600410320658747
aNSC,AAVpo1_P5,3,9.827028566424395e-4,8.161126079343451e-4,0.0012575876266483303,6.611137363018402e-4,0.0014417343619859842
aNSC,AAV5_P5,3,9.683185691166969e-4,7.687452904600637e-4,5.920062712196157e-4,5.261165539104326e-4,0.0012223644353744206
aNSC,AAV2_WT,3,7.288654067265226e-4,2.486790111436822e-4,8.324787719725269e-4,6.38805980855839e-4,8.707315152202083e-4
aNSC,AAV5_P4,3,7.142638159496904e-4,1.6210240003101928e-4,7.467676479931622e-4,6.425699553490696e-4,8.022095925720472e-4
aNSC,AAV4mut_P4,3,7.06153843113766e-4,7.167858303998359e-4,6.761662111283028e-4,3.4049932905970713e-4,0.0010568145411750933
aNSC,AAV9_P2,3,6.066171611851448e-4,5.261483819607653e-4,8.80876909500183e-4,4.404384547500915e-4,9.099257417777172e-4
aNSC,AAV2_P4,3,5.957467869464175e-4,5.860605680032486e-4,6.035648431646182e-4,3.046905725856001e-4,8.907120294163352e-4
aNSC,AAV2_A1,3,5.315026934776299e-4,5.411547823749985e-4,4.831996545347963e-4,2.496591582344504e-4,7.891947092493926e-4
aNSC,AAV3_WT,3,3.391596380657128e-4,2.9336193532941387e-4,4.503905635178111e-4,2.284195563663134e-4,5.055151824911613e-4
aNSC,AAV3_A6,3,3.224448479541067e-4,5.106658902999542e-4,5.454310501457604e-5,2.8009996271391644e-5,4.829288281670564e-4
aNSC,AAVrh10_WT,3,3.014571745578433e-4,3.27750654974296e-4,2.4073180018209744e-4,1.2452384989700138e-4,4.480278120308123e-4
aNSC,AAV3_P5,3,2.2767136599606257e-4,2.0157977417568847e-4,2.946856047810891e-4,1.4790261712226743e-4,3.40947234262371e-4
aNSC,AAV4mut_WT,3,2.2519214180320056e-4,3.172672859457591e-4,5.37949549700452e-5,4.214139717919977e-5,3.225442930106237e-4
aNSC,AAV5_WT,3,2.0192351148375459e-4,3.0373612967125516e-4,5.2227447317037604e-5,2.715963164843825e-5,3.0183935923571245e-4
aNSC,AAV5_A1,3,1.6474918861339425e-4,1.935802308040504e-4,1.1558636548022886e-4,5.8038452679805555e-5,2.4687851298040025e-4
aNSC,AAV2_P5,3,1.2398035488431314e-4,1.9448455710451614e-4,1.3203491368412962e-5,1.1698007694963782e-5,1.8087427031571242e-4
aNSC,AAV2_P2,3,1.1200407736683259e-4,1.8974676792754303e-4,4.925918206205561e-6,2.4629591031027806e-6,1.6800611605024887e-4
aNSC,AAV4mut_A6,3,7.937585348989214e-5,1.6959207561216266e-5,8.402522769976395e-5,7.23010523505259e-5,8.87753417341943e-5
aNSC,AAV2_A6,3,7.86495015979326e-5,1.339369950249768e-4,2.649447779166036e-6,1.324723889583018e-6,1.1797425239689889e-4
aNSC,AAVpo1_A1,3,4.097634893404257e-5,6.845723300255701e-5,1.763609697598256e-6,1.4529539913063172e-6,6.089337425855666e-5
aNSC,AAV8_WT,3,3.873839611887561e-5,6.709687028162156e-5,0,0,5.8107594178313415e-5
aNSC,AAV4_WT,3,2.9573228756754183e-5,4.8623629874254186e-5,3.0279488182241424e-6,1.5139744091120712e-6,4.435984313513127e-5
aNSC,AAV3_A2,3,6.892625595338212e-6,1.1938377728675464e-5,0,0,1.0338938393007318e-5
aNSC,AAV4mut_P2,3,2.9114364890003556e-6,5.0427559219585625e-6,0,0,4.367154733500533e-6
aNSC,AAV3_P2,3,1.8777115363750731e-6,3.2522917829598427e-6,0,0,2.8165673045626097e-6
aNSC,AAV8_A1,3,6.75915254628294e-7,1.1707195626270599e-6,0,0,1.013872881942441e-6
aNSC,AAVpo1_WT,3,3.818758484646772e-7,3.3072829523390334e-7,5.697588524261867e-7,2.8487942621309335e-7,5.728137726970158e-7
aNSC,AAV12_A1,3,0,0,0,0,0
aNSC,AAV12_A2,3,0,0,0,0,0
aNSC,AAV12_A6,3,0,0,0,0,0
aNSC,AAV12_P2,3,0,0,0,0,0
aNSC,AAV12_P4,3,0,0,0,0,0
aNSC,AAV3_A1,3,0,0,0,0,0
aNSC,AAV4_A6,3,0,0,0,0,0
aNSC,AAV4mut_P5,3,0,0,0,0,0
aNSC,AAV4_P2,3,0,0,0,0,0
aNSC,AAV4_P4,3,0,0,0,0,0
aNSC,AAV5_P2,3,0,0,0,0,0
aNSC,AAV6_A2,3,0,0,0,0,0
aNSC,AAV6_A6,3,0,0,0,0,0
Astro,AAV1_P5,3,0.13082666425071848,0.007169737881209865,0.12787157476494374,0.12673917100842153,0.13343661275012808
Astro,AAVpo1_P2,3,0.10280836103578339,0.04982671783359288,0.12318853627642896,0.0846053998190175,0.13120140987287207
Astro,AAV9_A2,3,0.10186944639470007,0.007490437401044209,0.10586834019226253,0.09954827806793234,0.10619006162024902
Astro,AAV7_P4,3,0.0826897380168319,0.006083927280956316,0.08227181325675012,0.07954868082203455,0.08562183283158836
Astro,AAV1_P4,3,0.07647439976216651,0.009005638576229059,0.07737252064951884,0.07221293621674853,0.08118492375126066
Astro,AAV6_WT,3,0.050039361513848704,0.0026439159987948053,0.05070333301751166,0.048915039681018374,0.05149566909851051
Astro,AAVrh10_P2,3,0.044504874531813725,0.01511205383079515,0.04130100955499033,0.03627633116090358,0.05113148541431217
Astro,AAV6_P4,3,0.03873874262785814,0.013543215663808904,0.04638113965699552,0.03474142312611209,0.046557260644172885
Astro,AAVrh10_A2,3,0.03807662638031927,0.005269828752418826,0.03598692920494572,0.03507953193844368,0.040028872234508094
Astro,AAV1_WT,3,0.030344235098665927,7.727674374493287e-4,0.02990672403814647,0.029898105360147503,0.030571609306924624
Astro,AAV7_A2,3,0.029599152930321403,0.0037794148246056594,0.02809909154565079,0.027449571559873865,0.03099870360843364
Astro,AAV1_A6,3,0.02881612632745453,0.013755946495679506,0.025545169952628434,0.021267828243450734,0.03472894622404528
Astro,AAV9_P4,3,0.026080885001155758,0.0026227519917483844,0.02568922198657068,0.024682606022053355,0.027283332472965622
Astro,AAV9_A6,3,0.02239542311179121,0.004240730255804344,0.021144867897716652,0.020032730842816877,0.024132837773728263
Astro,AAV7_A6,3,0.01866112109736827,0.0034737669756468117,0.01977056191088279,0.017269356319501068,0.02060760628199273
Astro,AAV7_P2,3,0.015920925218885155,8.193771967625396e-4,0.016183369851854992,0.015592924543736064,0.01638014821051917
Astro,AAVrh10_P4,3,0.01469044402064915,0.003732733762036603,0.013629518289992357,0.01261626753742574,0.016234157638544165
Astro,AAV8_P4,3,0.012852757882835422,0.003247206958347889,0.014117194526815782,0.011640366715864998,0.014697367371796024
Astro,AAV5_A2,3,0.011450678280317783,6.553204583437849e-4,0.011104636586611216,0.011072776254924636,0.011655559458857647
Astro,AAV8_A2,3,0.011175150538832774,0.002401940521125878,0.011631427526310746,0.010104612598693639,0.012473826972710895
Astro,AAV7_P5,3,0.011151303195374553,0.002387283351006275,0.01164417615842295,0.010100114247411883,0.012448928624861421
Astro,AAV8_P2,3,0.0105690751767939,0.005922683812605777,0.008406207988793385,0.007219012918240245,0.012837703841347296
Astro,AAVpo1_A6,3,0.010325521699214819,0.0022463890735823972,0.010506103652574011,0.009250197811745853,0.01149113656336338
Astro,AAV5_A6,3,0.007269479086843718,3.879656989972796e-4,0.007168985055430028,0.0070553164984830385,0.0074333946594975515
Astro,AAV3_P4,3,0.006622689732660815,0.001164883316306276,0.006227484367686492,0.005967154011252343,0.0070806227715821245
Astro,AAV7_A1,3,0.005840124418837907,0.0010451832115848363,0.006335021509357131,0.005487215814369024,0.006440481568566404
Astro,AAVpo1_P4,3,0.005216655838196768,6.938309371920037e-4,0.004865251594081891,0.004817040578486467,0.005440568975849629
Astro,AAV8_P5,3,0.004901768391680757,0.00197800358126567,0.004538914598424819,0.00383461357146577,0.005787496315267775
Astro,AAV1_A2,3,0.004434784250196626,0.0032639941694402653,0.005228502200562458,0.0030378167025966597,0.006228610772979508
Astro,AAV9_P5,3,0.004363674441784056,7.448846098273775e-4,0.004520367720923507,0.004036637953480004,0.004769057569657833
Astro,AAV1_P2,3,0.0039667010636837636,0.003267647322410498,0.004676346770185669,0.002539445760728838,0.005748779219889642
Astro,AAVpo1_A2,3,0.003920471896068421,0.0012891892632687224,0.0035275408910717516,0.003200505102902699,0.004443973186735808
Astro,AAV8_A6,3,0.0033566015234731544,7.263963450697559e-4,0.0035372356309127002,0.003047084092748925,0.003756436007917157
Astro,AAV9_A1,3,0.0031558192613352254,1.2888571517164586e-4,0.003082336538583441,0.0030814089860108865,0.003193488175283672
Astro,AAVrh10_A6,3,0.002933755447656301,7.103016177644635e-4,0.00328472384883552,0.0027005052294179783,0.003342489866484233
Astro,AAV9_P2,3,0.002313662034558025,0.0035367180336786644,3.187666502220538e-4,2.719160925601274e-4,0.003357960284387937
Astro,AAV7_WT,3,0.0022911176596010943,1.0997918870859301e-4,0.0022782735296274386,0.002233199010652302,0.002342614243563059
Astro,AAVrh10_P5,3,0.002092645875902625,0.0015229722992029942,0.0015939045299453987,0.0012377401229440453,0.0026981809558825915
Astro,AAV6_P5,3,0.0019028700265348792,0.0029600489007022596,3.240481739247368e-4,1.9549736804691092e-4,0.0028208317587177763
Astro,AAV1_A1,3,0.0017817022152752016,0.001765518099732711,8.078057891540378e-4,7.627123974477246e-4,0.0023137438200420968
Astro,AAVpo1_P5,3,0.0017130091064583072,5.154365967033251e-4,0.0016240671308746365,0.0014359492225623537,0.0019455980025624253
Astro,AAV9_WT,3,0.0015305722359445397,6.740166958336905e-4,0.0016455696171771201,0.0012260123374584263,0.0018926308250469435
Astro,AAV2_A1,3,0.0011062047994176516,3.715236893134589e-4,0.0011712326329953997,9.388464075780858e-4,0.0013060771080460913
Astro,AAVrh10_WT,3,0.001025956562880726,8.706619566947592e-4,6.545489386863848e-4,5.285695763529309e-4,0.0013376397373113505
Astro,AAVrh10_A1,3,9.679458577266012e-4,8.06285859525572e-4,6.243528294525594e-4,5.073628129825049e-4,0.0012567323883336766
Astro,AAV6_P2,3,9.678100087090811e-4,0.0016762961071578061,0,0,0.0014517150130636217
Astro,AAV2_WT,3,9.303255639715202e-4,1.7765342469131513e-4,8.312849504568318e-4,8.277773058458361e-4,9.8335351533986e-4
Astro,AAV5_P5,3,7.981802297253011e-4,1.516719575803335e-4,7.64976331802255e-4,7.154186807969041e-4,8.64339829692175e-4
Astro,AAV2_A2,3,7.707132873662043e-4,5.414218581965941e-4,9.126012746162457e-4,5.425385139355293e-4,0.0010698320544219
Astro,AAV4mut_WT,3,6.898539438169183e-4,4.1660679579624165e-4,5.154876118020537e-4,4.5212419545256725e-4,8.404005261738371e-4
Astro,AAV3_WT,3,6.635503643744722e-4,1.7154507205031634e-4,6.085419938555729e-4,5.673994381298383e-4,7.321971053596563e-4
Astro,AAV5_P4,3,3.9285258753706144e-4,4.6448734327837076e-5,0.00038219495276837633,3.674269396622854e-4,4.1294941802749496e-4
Astro,AAV2_P4,3,3.8159888659240407e-4,4.933920743419027e-4,1.2793148024711296e-4,9.72887495479526e-5,5.390753204642099e-4
Astro,AAV5_WT,3,2.1076283057767955e-4,3.128067322270929e-5,2.0029339798410353e-4,1.9317655669415004e-4,2.2311438816442102e-4
Astro,AAV12_A1,3,2.0613525734952958e-4,3.5703673896067106e-4,0,0,3.0920288602429436e-4
Astro,AAV4_P5,3,2.052769758791562e-4,4.4595610449036564e-5,1.9757094860316067e-4,1.813037497518428e-4,2.2539718836847182e-4
Astro,AAV5_A1,3,1.8481105100992635e-4,8.547302881055847e-5,1.5311580600632806e-4,1.364144178992529e-4,2.1736006161880066e-4
Astro,AAV4_A1,3,1.8418809185747153e-4,1.6208211358521648e-4,1.815486124112775e-4,1.0249522500481936e-4,2.6456121898702666e-4
Astro,AAV4mut_A6,3,1.233122040393052e-4,4.5796354856325266e-5,1.4275804088636443e-4,1.0687988076583131e-4,1.4946744573630867e-4
Astro,AAV3_P5,3,8.590153227640075e-5,9.777618522026661e-5,4.104436531001111e-5,2.9823395611970533e-5,1.1955108545763615e-4
Astro,AAV2_P2,3,7.74089918095674e-5,5.790060873160363e-5,8.774103382436239e-5,5.1389479818110075e-5,1.0859452480842222e-4
Astro,AAV4mut_P4,3,5.531354797941129e-5,5.640550010172895e-5,4.429802343701414e-5,2.476320076438911e-5,8.035613292323489e-5
Astro,AAV4mut_A1,3,5.321097057637888e-5,7.860939187018667e-5,1.6130657228291673e-5,8.065328614145837e-6,7.981645586456831e-5
Astro,AAV12_P2,3,4.949276699258904e-5,8.572398703833212e-5,0,0,7.423915048888357e-5
Astro,AAV2_P5,3,4.596609218171131e-5,5.867886527178864e-5,1.728661582073988e-5,1.2214627219841007e-5,6.537781896309589e-5
Astro,AAV4_P2,3,3.614740337051617e-5,5.361543141162319e-5,1.0693660751848407e-5,5.3468303759242035e-6,5.422110505577426e-5
Astro,AAV3_P2,3,3.426897954568799e-5,4.890898053950563e-5,6.204593169901723e-6,6.031543217722052e-6,4.847422268576079e-5
Astro,AAV2_A6,3,2.7015334606584104e-5,3.980632569389001e-5,5.334975869809016e-6,4.045208604538998e-6,3.9145281240241665e-5
Astro,AAV3_A6,3,2.131385400618081e-5,5.766232350364923e-6,1.917469905581507e-5,1.8048797534825006e-5,2.350933300235374e-5
Astro,AAVpo1_A1,3,1.0036568456194158e-5,7.661885726929794e-6,9.57151519627837e-6,6.094658562151361e-6,1.3745951720279062e-5
Astro,AAV4_WT,3,8.607912071609836e-6,2.136474941534599e-6,9.54856211651719e-6,7.855538723289398e-6,9.83061044238395e-6
Astro,AAV8_WT,3,5.871124701731745e-6,1.0169086280972052e-5,0,0,8.806687052597618e-6
Astro,AAV8_A1,3,4.924716291605367e-6,3.052470601644249e-6,4.2629642584943075e-6,3.260183559927223e-6,6.258373006727981e-6
Astro,AAV4mut_P2,3,3.027911144930317e-6,5.24449594382336e-6,0,0,4.541866717395475e-6
Astro,AAV3_A2,3,1.8979635966024998e-6,3.2873693802316906e-6,0,0,2.8469453949037498e-6
Astro,AAVpo1_WT,3,9.972271682331872e-7,3.148951700783436e-7,1.159579594404747e-6,8.969339103006566e-7,1.1786966392514977e-6
Astro,AAV12_A2,3,0,0,0,0,0
Astro,AAV12_A6,3,0,0,0,0,0
Astro,AAV12_P4,3,0,0,0,0,0
Astro,AAV3_A1,3,0,0,0,0,0
Astro,AAV4_A6,3,0,0,0,0,0
Astro,AAV4mut_P5,3,0,0,0,0,0
Astro,AAV4_P4,3,0,0,0,0,0
Astro,AAV5_P2,3,0,0,0,0,0
Astro,AAV6_A2,3,0,0,0,0,0
Astro,AAV6_A6,3,0,0,0,0,0
Epend,AAV1_P5,3,0.1423674910796416,0.016582627172769652,0.14814927278264498,0.13590863745036566,0.15171723556041927
Epend,AAV9_A2,3,0.1117612795901527,0.0032211497165879075,0.11197942038270234,0.11020801221624933,0.11342361736033088
Epend,AAV7_P4,3,0.105206019777797,0.007587751560769241,0.1027344696410081,0.10094833301531259,0.10822793147188697
Epend,AAV1_P4,3,0.08374135021919876,0.003402887462583986,0.08552587072663215,0.08267162596634879,0.08570333472576543
Epend,AAVpo1_P2,3,0.05422361928380265,0.011603681657049345,0.05006041868178618,0.04766815122492293,0.05869748704167413
Epend,AAV6_WT,3,0.0534886464644783,0.01813715188268113,0.04467281269673954,0.043058706551464584,0.05951066949362263
Epend,AAVrh10_A2,3,0.047730625616127884,0.008742706702973507,0.05097609388239256,0.044402695571658185,0.05268128979372992
Epend,AAVrh10_P2,3,0.03599731204738389,0.009678372263094735,0.03494164115226543,0.030915846739927977,0.04055094190728058
Epend,AAV6_P4,3,0.035617824334978426,0.02338342348332643,0.03128860945857315,0.022995070909344703,0.04607597032240951
Epend,AAV7_A2,3,0.03300557633833518,0.0051543745710903996,0.030903282932613903,0.030068942585012214,0.03489106338879751
Epend,AAV1_A6,3,0.031370480560828654,0.016131725438404795,0.03866756650213292,0.02577354984917223,0.040615954243137214
Epend,AAV1_WT,3,0.028993596026356407,0.004720186927800889,0.02836759939239956,0.026492621404459203,0.031181572331275186
Epend,AAV9_P4,3,0.0288364218360849,0.004237735685898658,0.029681841531254017,0.02696077215412016,0.031134781365634204
Epend,AAV9_A6,3,0.02220185190600554,0.0022253789956887047,0.02170689542013047,0.020986259402407316,0.023169966166666226
Epend,AAV7_A6,3,0.0175700362997587,0.003104394129989573,0.017724802855620194,0.016057978249121994,0.019159477628326156
Epend,AAV7_P2,3,0.01715107697882353,0.005265977368723177,0.016336558603615305,0.014338188030806144,0.019556706739236804
Epend,AAV8_P4,3,0.011363849223311358,6.580399635971465e-4,0.01104266978900662,0.010985372615660176,0.011581736113810172
Epend,AAV5_A2,3,0.011179886498354032,0.001099232540422866,0.011085249546951611,0.010608140802110123,0.011704313718896728
Epend,AAV7_P5,3,0.011058952699542634,0.0021935129562773953,0.011094280264676711,0.009971134799220707,0.012164434382431599
Epend,AAVrh10_P4,3,0.010409919310099389,0.003532889731573644,0.008634023321562791,0.008375665861588595,0.011556224764341885
Epend,AAVpo1_A6,3,0.008230413219708787,0.0013213591589753295,0.008393970220091073,0.0076144297923151335,0.008928175147293584
Epend,AAV8_A2,3,0.00818351816935306,0.0026418960657980427,0.008705190493868076,0.007012445920911949,0.009615426580051678
Epend,AAV8_P2,3,0.007971893065251893,0.005893810652725029,0.00459370705041041,0.004569129484795391,0.009685563638287655
Epend,AAV7_A1,3,0.007793275094516046,9.57841880680792e-4,0.0077805248165334325,0.007311198409150487,0.008268976640890298
Epend,AAV3_P4,3,0.006808053366506572,7.214895795072e-4,0.006713559965601097,0.006426013198445693,0.007142846834114713
Epend,AAV5_A6,3,0.005154719331330207,0.0010652367975744897,0.004775964467898595,0.004553291530741086,0.005566769700203521
Epend,AAVpo1_P4,3,0.004984546730953943,9.384745074536776e-4,0.004780398959515743,0.004472674360120632,0.005394345216068153
Epend,AAV8_P5,3,0.004736180273113061,0.0013700974321795671,0.0048219212879226925,0.00407357361792947,0.005441657435701468
Epend,AAV9_P5,3,0.004468142832793959,1.8488201996572464e-4,0.004457723760756701,0.004373207214699179,0.00455786891487011
Epend,AAVpo1_A2,3,0.004069843299857465,5.197165781310651e-4,0.003985063584141341,0.003791396246818359,0.00430590049503851
Epend,AAV1_A2,3,0.004030548423532589,0.004230155371002709,0.0030679265276552493,0.001716295002937258,0.005863490896189251
Epend,AAVrh10_A6,3,0.0035890248903715557,0.0010156174595443177,0.0038805825842473016,0.003170049391456397,0.004153779236224587
Epend,AAV1_A1,3,0.003578861620696895,0.0023198431872457235,0.0033138403861704886,0.002358375483510193,0.004666837140620393
Epend,AAV9_A1,3,0.00344387449022516,0.0012313793414144966,0.0033849465849493695,0.002813981821699035,0.00404430320611339
Epend,AAV1_P2,3,0.0032807370249655133,0.004850049054382548,9.903868678304126e-4,4.951934339152063e-4,0.00492110553744827
Epend,AAV8_A6,3,0.0032096549796438853,0.0018007829007144632,0.0025403401856440204,0.002189854531552578,0.0038947980307352595
Epend,AAV6_P5,3,0.003161832265031958,0.005476454128045935,0,0,0.004742748397547937
Epend,AAV7_WT,3,0.00287130927402043,5.360716627782583e-4,0.0028515549628678758,0.0025984713900429075,0.0031342700024216755
Epend,AAV9_WT,3,0.002047713969269467,0.001326124783479161,0.0013212381924566795,0.0012824038287484213,0.0024497862213841183
Epend,AAV6_P2,3,0.0014976338488099047,0.0014207687750051688,0.0016664477101162116,8.332238550581058e-4,0.0022464507732148573
Epend,AAVpo1_P5,3,0.001246498071816824,3.046518265266609e-4,0.0011148336184904134,0.001072327676068967,0.0013548362409014757
Epend,AAVrh10_P5,3,0.0011375032825752247,3.7532829714960914e-4,0.001026169220460018,9.283035108127173e-4,0.0012910360232801289
Epend,AAV2_WT,3,0.0011312349776515683,3.3940792939277716e-4,0.0011522980778751026,9.670420542796177e-4,0.0013059594511352858
Epend,AAV2_A1,3,0.0010653399215157253,3.6802598215071255e-4,8.768945055776828e-4,8.53297242848068e-4,0.0011831598922143615
Epend,AAV5_P5,3,0.0010334178458009317,2.520396598636767e-4,0.0010113401090695458,9.022417163131667e-4,0.0011535551069230038
Epend,AAV2_A2,3,9.87911548891696e-4,5.653475823665799e-4,0.0011167117633026423,7.429944037032407e-4,0.0012972288012856243
Epend,AAV4mut_WT,3,8.219621380579858e-4,7.342661520050872e-4,4.1892868550161586e-4,3.982023008236784e-4,0.0010442052490141083
Epend,AAVrh10_A1,3,7.499192469530381e-4,6.688023263656211e-4,3.717617987246715e-4,3.6381331444670744e-4,9.469464553451855e-4
Epend,AAV3_WT,3,7.301055073070409e-4,3.337954017264278e-4,6.396427347501144e-4,5.452540788166753e-4,8.697255495189432e-4
Epend,AAV9_P2,3,7.073335866019927e-4,7.095849338069173e-4,7.028521197727208e-4,3.514260598863604e-4,0.001061000379902989
Epend,AAVrh10_WT,3,6.877869256375071e-4,5.976523728696184e-4,4.769506873502102e-4,3.5053902018285265e-4,9.196167119485131e-4
Epend,AAV5_P4,3,6.432779381156723e-4,1.0736821173866658e-4,6.55673161814055e-4,5.92961620446712e-4,6.997918676338239e-4
Epend,AAV4_P5,3,6.201138722172719e-4,0.0010075812836491532,6.161663125346543e-5,3.8539149871936806e-5,9.224399740807037e-4
Epend,AAV3_P2,3,2.904701042749487e-4,4.6616263892610294e-4,4.3241215619866195e-5,2.1620607809933097e-5,4.3570515641242304e-4
Epend,AAV4mut_A6,3,2.1027029734933838e-4,5.373359887170242e-5,2.2171760067026672e-4,1.8672654099173555e-4,2.395377053674054e-4
Epend,AAV4mut_P4,3,2.0302414290525073e-4,2.7402491226809325e-4,7.718074056272714e-5,4.5853078823779036e-5,2.9727350581546067e-4
Epend,AAV5_WT,3,1.9859083074462273e-4,4.967341118137433e-5,2.2478174342987977e-4,1.8304232140856476e-4,2.2723479642330923e-4
Epend,AAV5_A1,3,1.8652205165081603e-4,1.0593113645339413e-4,2.3503763974593462e-4,1.500297497122444e-4,2.472721476369469e-4
Epend,AAV2_P4,3,1.8326486745535788e-4,1.61720765977353e-4,2.4384738305545796e-4,1.2192369152772898e-4,2.748973011830368e-4
Epend,AAV2_P5,3,1.8322612812927795e-4,1.5907622378890103e-4,2.6359710817886047e-4,1.3179855408943024e-4,2.7483919219391695e-4
Epend,AAV3_A6,3,1.5518508881553193e-4,2.2469474323530886e-4,5.270565096462452e-5,2.635282548231226e-5,2.327776332232979e-4
Epend,AAV2_P2,3,1.0220132537484593e-4,1.45183228341342e-4,3.821794655201908e-5,1.910897327600954e-5,1.5330198806226889e-4
Epend,AAV3_P5,3,8.765449879764651e-5,8.587649189560203e-5,9.132843587114048e-5,4.566421793557024e-5,1.3148174819646976e-4
Epend,AAV4mut_P2,3,6.704653539459493e-5,1.1612800577490346e-4,0,0,1.0056980309189239e-4
Epend,AAVpo1_A1,3,6.031684293344171e-5,7.521031632977549e-5,3.1927095848218517e-5,1.768031368021999e-5,8.875849864405184e-5
Epend,AAV4_A1,3,5.891178909194074e-5,1.0203821187202333e-4,0,0,8.836768363791111e-5
Epend,AAV8_WT,3,3.098432881563507e-5,4.755016801300524e-5,7.220958531533281e-6,3.6104792657666407e-6,4.6476493223452606e-5
Epend,AAV4mut_A1,3,1.9887698814946693e-5,1.8244906386868057e-5,2.3811898236743574e-5,1.1905949118371787e-5,2.9831548222420042e-5
Epend,AAV4_WT,3,9.998556270372494e-6,1.731800746262154e-5,0,0,1.4997834405558742e-5
Epend,AAV3_A1,3,2.447789025048769e-6,4.239694957593955e-6,0,0,3.6716835375731536e-6
Epend,AAV12_A1,3,0,0,0,0,0
Epend,AAV12_A2,3,0,0,0,0,0
Epend,AAV12_A6,3,0,0,0,0,0
Epend,AAV12_P2,3,0,0,0,0,0
Epend,AAV12_P4,3,0,0,0,0,0
Epend,AAV2_A6,3,0,0,0,0,0
Epend,AAV3_A2,3,0,0,0,0,0
Epend,AAV4_A6,3,0,0,0,0,0
Epend,AAV4mut_P5,3,0,0,0,0,0
Epend,AAV4_P2,3,0,0,0,0,0
Epend,AAV4_P4,3,0,0,0,0,0
Epend,AAV5_P2,3,0,0,0,0,0
Epend,AAV6_A2,3,0,0,0,0,0
Epend,AAV6_A6,3,0,0,0,0,0
Epend,AAV8_A1,3,0,0,0,0,0
Epend,AAVpo1_WT,3,0,0,0,0,0
in_vitro_NSC,AAV9_A2,2,0.0946630472028191,0.007534495094156619,0.0946630472028191,0.09199920091587165,0.09732689348976656
in_vitro_NSC,AAV7_A2,2,0.07848087822261543,0.008433854056772445,0.07848087822261543,0.07549906052507468,0.08146269592015616
in_vitro_NSC,AAV1_P5,2,0.07673090847044253,0.00471773122589454,0.07673090847044253,0.07506293859961975,0.0783988783412653
in_vitro_NSC,AAV7_P4,2,0.05858288438626938,0.00471738044438603,0.05858288438626938,0.0569150385354383,0.06025073023710047
in_vitro_NSC,AAV7_A6,2,0.054913228872021505,0.005784921757350956,0.054913228872021505,0.05286795017039327,0.05695850757364973
in_vitro_NSC,AAV1_P4,2,0.05254296489859561,0.01855682307025075,0.05254296489859561,0.045982137183468975,0.05910379261372224
in_vitro_NSC,AAV1_A6,2,0.04945603152474376,0.007088360858066087,0.04945603152474376,0.04694991750962585,0.05196214553986168
in_vitro_NSC,AAVrh10_A2,2,0.041938086694175244,0.010218593320173892,0.041938086694175244,0.038325268378733984,0.045550905009616505
in_vitro_NSC,AAV1_A2,2,0.03976812507912737,0.008416255248731649,0.03976812507912737,0.03679252949983986,0.042743720658414884
in_vitro_NSC,AAV7_P5,2,0.03521017574643814,0.0027893759716012176,0.03521017574643814,0.03422398241403912,0.03619636907883715
in_vitro_NSC,AAV1_A1,2,0.031748788546393666,0.00957935453247927,0.031748788546393666,0.028361975271740572,0.03513560182104676
in_vitro_NSC,AAV1_P2,2,0.028621887805496928,0.040183918126858356,0.028621887805496928,0.014414727304423641,0.042829048306570215
in_vitro_NSC,AAVrh10_A6,2,0.02843097916751477,0.0032745492596503063,0.02843097916751477,0.02727325117410071,0.02958870716092883
in_vitro_NSC,AAV9_A6,2,0.026105346180878633,4.3688616894180856e-4,0.026105346180878633,0.025950883594545948,0.026259808767211314
in_vitro_NSC,AAV6_WT,2,0.025069959248572027,0.0034363395647768994,0.025069959248572027,0.023855029744215342,0.02628488875292872
in_vitro_NSC,AAV5_A2,2,0.023404880354010848,0.0013457738167645804,0.023404880354010848,0.02292907745812208,0.023880683249899615
in_vitro_NSC,AAV8_P5,2,0.022883016332113232,0.004326420925472686,0.022883016332113232,0.021353395544778674,0.024412637119447793
in_vitro_NSC,AAVrh10_P4,2,0.02098873438871028,0.009297004248307239,0.02098873438871028,0.01770174701436119,0.02427572176305938
in_vitro_NSC,AAV7_P2,2,0.018195044796036404,0.004406567131069251,0.018195044796036404,0.016637088045969996,0.019753001546102815
in_vitro_NSC,AAV6_P5,2,0.015985097605967346,0.022480807800057522,0.015985097605967346,0.008036931784981294,0.023933263426953396
in_vitro_NSC,AAV8_P4,2,0.015317459841666645,0.0020797569803715538,0.015317459841666645,0.014582154709646255,0.016052764973687034
in_vitro_NSC,AAV9_P4,2,0.014136691379908126,0.0014052613404210222,0.014136691379908126,0.013639856468332623,0.014633526291483626
in_vitro_NSC,AAVrh10_P5,2,0.011986117286190388,3.4654328947562256e-4,0.011986117286190388,0.011863595731208936,0.01210863884117184
in_vitro_NSC,AAV5_A6,2,0.010475087035138258,9.452086785506975e-4,0.010475087035138258,0.010140905302018471,0.010809268768258044
in_vitro_NSC,AAV8_A6,2,0.009665611787121924,0.0011781151345792587,0.009665611787121924,0.009249085186782177,0.010082138387461671
in_vitro_NSC,AAV1_WT,2,0.009576987439169491,0.0026672225508228824,0.009576987439169491,0.00863398186285922,0.010519993015479762
in_vitro_NSC,AAV8_A2,2,0.009452788936960263,0.006042173646735333,0.009452788936960263,0.007316557957603659,0.011589019916316865
in_vitro_NSC,AAVpo1_A6,2,0.009017770549491667,0.0014553956988106885,0.009017770549491667,0.008503210465522281,0.009532330633461053
in_vitro_NSC,AAV6_P2,2,0.008436984996249283,0.011744237142245406,0.008436984996249283,0.00428477013467696,0.012589199857821606
in_vitro_NSC,AAVrh10_P2,2,0.008307438231763324,4.1339035265904376e-4,0.008307438231763324,0.008161282670942169,0.008453593792584478
in_vitro_NSC,AAV9_P5,2,0.007337731957086161,0.0017408853644126764,0.007337731957086161,0.006722236033863852,0.00795322788030847
in_vitro_NSC,AAVpo1_P5,2,0.006803523953618948,0.002040972770091633,0.006803523953618948,0.0060819311106445045,0.007525116796593391
in_vitro_NSC,AAV6_A6,2,0.006166497341905258,0.008687832099734614,0.006166497341905258,0.0030948848461390044,0.009238109837671512
in_vitro_NSC,AAV8_P2,2,0.005223895285807597,7.155187063728174e-4,0.005223895285807597,0.004970921221136575,0.005476869350478621
in_vitro_NSC,AAV2_A2,2,0.004998285599286482,0.0015088705932294784,0.004998285599286482,0.004464819285083715,0.005531751913489249
in_vitro_NSC,AAV9_A1,2,0.004705054095641813,4.703836785131348e-4,0.004705054095641813,0.004538748351223758,0.0048713598400598685
in_vitro_NSC,AAVpo1_P4,2,0.004240580230074626,0.0010948143513831142,0.004240580230074626,0.00385350490407295,0.004627655556076302
in_vitro_NSC,AAVrh10_A1,2,0.004014749714001103,5.902153360604767e-4,0.004014749714001103,0.0038060770807567725,0.004223422347245432
in_vitro_NSC,AAVpo1_P2,2,0.0039940708551295615,0.0030654642448090944,0.0039940708551295615,0.002910265577634856,0.005077876132624266
in_vitro_NSC,AAV9_P2,2,0.003044624514277023,0.002325961682788778,0.003044624514277023,0.0022222728749370143,0.0038669761536170326
in_vitro_NSC,AAV7_A1,2,0.0028157882462165086,6.436039135673577e-4,0.0028157882462165086,0.002588239900375669,0.0030433365920573482
in_vitro_NSC,AAV5_P4,2,0.0024064696777758715,2.5734489207882694e-4,0.0024064696777758715,0.002315484518629542,0.002497454836922201
in_vitro_NSC,AAV5_P5,2,0.00239070478544803,9.287037801892492e-4,0.00239070478544803,0.0020623584151053306,0.0027190511557907294
in_vitro_NSC,AAV8_A1,2,0.0020963716707251777,0.002123904233861371,0.0020963716707251777,0.0013454581275480807,0.002847285213902275
in_vitro_NSC,AAV2_WT,2,0.0015001220855188472,3.8340074999419587e-4,0.0015001220855188472,0.0013645694504023952,0.0016356747206352994
in_vitro_NSC,AAV2_P2,2,0.0010673546455587852,1.9047177836987157e-4,0.0010673546455587852,0.0010000127025037865,0.0011346965886137837
in_vitro_NSC,AAV2_A6,2,9.494182352834167e-4,1.543087280822701e-4,9.494182352834167e-4,8.948618612717946e-4,0.0010039746092950388
in_vitro_NSC,AAVpo1_A2,2,8.683994763570063e-4,1.5417293689819997e-4,8.683994763570063e-4,8.138911117789248e-4,9.229078409350879e-4
in_vitro_NSC,AAV7_WT,2,6.998095811040946e-4,4.2726477660981157e-4,6.998095811040946e-4,5.487486706526179e-4,8.508704915555711e-4
in_vitro_NSC,AAVrh10_WT,2,6.887951338314296e-4,1.0880761166326706e-4,6.887951338314296e-4,6.503258338055253e-4,7.27264433857334e-4
in_vitro_NSC,AAV3_P4,2,6.463044778415136e-4,3.7335787425295133e-4,6.463044778415136e-4,5.143025354946855e-4,7.783064201883418e-4
in_vitro_NSC,AAV5_P2,2,6.25621247405922e-4,8.791520763951658e-4,6.25621247405922e-4,3.1479404994929423e-4,9.364484448625497e-4
in_vitro_NSC,AAV9_WT,2,4.8571310558351283e-4,6.698205169744944e-5,4.8571310558351283e-4,4.620313740969856e-4,5.093948370700401e-4
in_vitro_NSC,AAV8_WT,2,4.8106133695776076e-4,9.140771163118879e-5,4.8106133695776076e-4,4.4874383058418176e-4,5.133788433313398e-4
in_vitro_NSC,AAV4_P5,2,3.622752525162445e-4,1.4512411909522443e-4,3.622752525162445e-4,3.1096612815326586e-4,4.135843768792232e-4
in_vitro_NSC,AAV3_P5,2,2.1442852654620715e-4,1.0542794951711163e-4,2.1442852654620715e-4,1.7715411753113582e-4,2.5170293556127843e-4
in_vitro_NSC,AAV4mut_P4,2,1.9368900709150095e-4,2.7064964422491195e-4,1.9368900709150095e-4,9.799990771292008e-5,2.8937810647008185e-4
in_vitro_NSC,AAV2_P4,2,1.7378686535464584e-4,2.4540101929692204e-4,1.7378686535464584e-4,8.702450292717366e-5,2.6054922778211804e-4
in_vitro_NSC,AAV4_P4,2,1.5280893111770124e-4,2.1200990142770468e-4,1.5280893111770124e-4,7.785211162859051e-5,2.2776575060681197e-4
in_vitro_NSC,AAV4mut_P5,2,1.2008521490299484e-4,1.6982613955630302e-4,1.2008521490299484e-4,6.004260745149742e-5,1.8012782235449226e-4
in_vitro_NSC,AAV5_A1,2,1.1376785324588849e-4,8.21009647840592e-5,1.1376785324588849e-4,8.474077877550538e-5,1.4279492771627158e-4
in_vitro_NSC,AAV5_WT,2,1.0910093524240045e-4,0.00014162573734882164,1.0910093524240045e-4,5.9028675607452115e-5,1.591731948773488e-4
in_vitro_NSC,AAV3_WT,2,9.920252628817278e-5,1.3967057566189602e-4,9.920252628817278e-5,4.982152069679507e-5,1.485835318795505e-4
in_vitro_NSC,AAV4mut_A6,2,4.129167428699786e-5,3.053067050900001e-6,4.129167428699786e-5,4.0212252079443555e-5,4.237109649455217e-5
in_vitro_NSC,AAV12_A1,2,2.6610285080647675e-5,3.763262605966637e-5,2.6610285080647675e-5,1.3305142540323837e-5,3.991542762097151e-5
in_vitro_NSC,AAV6_A2,2,2.0666149807087906e-5,2.922634933921784e-5,2.0666149807087906e-5,1.0333074903543953e-5,3.099922471063186e-5
in_vitro_NSC,AAVpo1_A1,2,2.0557550752981297e-5,2.8300279782507634e-5,2.0557550752981297e-5,1.0551890881137447e-5,3.056321062482515e-5
in_vitro_NSC,AAV6_P4,2,3.1435833672438055e-6,4.4456982324066715e-6,3.1435833672438055e-6,1.5717916836219027e-6,4.715375050865708e-6
in_vitro_NSC,AAV3_P2,2,1.623513183863516e-6,4.6508065528415094e-7,1.623513183863516e-6,1.459082341288463e-6,1.7879440264385692e-6
in_vitro_NSC,AAV4mut_P2,2,1.0036940022134212e-6,1.4194376704027516e-6,1.0036940022134212e-6,5.018470011067106e-7,1.5055410033201319e-6
in_vitro_NSC,AAV4_P2,2,8.412330163299346e-7,1.1896831408098207e-6,8.412330163299346e-7,4.206165081649673e-7,1.2618495244949019e-6
in_vitro_NSC,AAV4_A6,2,4.6843835870987365e-7,6.624718800232961e-7,4.6843835870987365e-7,2.3421917935493682e-7,7.026575380648105e-7
in_vitro_NSC,AAV4mut_WT,2,2.603367310753356e-7,3.6817173587061677e-7,2.603367310753356e-7,1.301683655376678e-7,3.9050509661300343e-7
in_vitro_NSC,AAV2_A1,2,2.408661854195936e-7,3.406362261374619e-7,2.408661854195936e-7,1.204330927097968e-7,3.612992781293904e-7
in_vitro_NSC,AAV2_P5,2,1.9730388373002596e-7,2.79029828279887e-7,1.9730388373002596e-7,9.865194186501298e-8,2.9595582559503896e-7
in_vitro_NSC,AAV12_A2,2,0,0,0,0,0
in_vitro_NSC,AAV12_A6,2,0,0,0,0,0
in_vitro_NSC,AAV12_P2,2,0,0,0,0,0
in_vitro_NSC,AAV12_P4,2,0,0,0,0,0
in_vitro_NSC,AAV3_A1,2,0,0,0,0,0
in_vitro_NSC,AAV3_A2,2,0,0,0,0,0
in_vitro_NSC,AAV3_A6,2,0,0,0,0,0
in_vitro_NSC,AAV4_A1,2,0,0,0,0,0
in_vitro_NSC,AAV4mut_A1,2,0,0,0,0,0
in_vitro_NSC,AAV4_WT,2,0,0,0,0,0
in_vitro_NSC,AAVpo1_WT,2,0,0,0,0,0
Neurob,AAV1_P5,3,0.11877154872534486,0.02679522990835955,0.10614762107717474,0.10338382854872838,0.12784730507787628
Neurob,AAV9_A2,3,0.08827898587826152,0.008732661793190764,0.08329289284030857,0.0832372834676359,0.09082764176991068
Neurob,AAVpo1_P2,3,0.08231224858240452,0.05994799356746276,0.061952621388512936,0.04857414760803779,0.10587053595982546
Neurob,AAV1_P4,3,0.0798947862352766,0.007267018626066195,0.07639159168630723,0.07571727286642713,0.0823207023296414
Neurob,AAV6_WT,3,0.07801382785955431,0.031879208215154504,0.06473171062709816,0.05982745735599625,0.0895591397468843
Neurob,AAV6_P4,3,0.05796346971431064,0.01816846008264595,0.0499678127882006,0.047565968629706884,0.06436314233585938
Neurob,AAV7_P4,3,0.05709943950699246,0.03003519007487465,0.05231662912276663,0.04102963032889842,0.07077784349297359
Neurob,AAV1_A2,3,0.03311911209638858,0.032151651013771314,0.030350922365686983,0.016395989316731068,0.04845814001069529
Neurob,AAVrh10_A2,3,0.030691877173523233,0.002107882711272055,0.029994928827279478,0.029507829860177,0.031527450313747596
Neurob,AAVrh10_P4,3,0.029316464515009095,0.03762406205703774,0.008245763478743699,0.007597427503400266,0.040500151008485225
Neurob,AAV7_P2,3,0.0274959647929734,0.0021456050385252824,0.027955216557337743,0.026556567503128403,0.028664987965000572
Neurob,AAV9_P4,3,0.026959382364190605,0.0022938897914480103,0.027222722224806706,0.025883954929229368,0.028166479729459896
Neurob,AAV1_A6,3,0.025798255816262904,0.0027797603769015057,0.026364432858944284,0.024571712870260456,0.027307887283606037
Neurob,AAV7_A2,3,0.02509639606390126,0.008439482600276183,0.023823759931993017,0.020594633186235216,0.02896184087561318
Neurob,AAV9_A6,3,0.022964263753313,0.0077549709974429094,0.024385424418524954,0.019491212178603265,0.027147895660628717
Neurob,AAV1_WT,3,0.021179017618000402,0.00264534697506334,0.022195826835380142,0.02018597948040306,0.022680460364287613
Neurob,AAVrh10_P2,3,0.01579901218002483,0.012209409511064586,0.010989740249686472,0.008858165243215147,0.020335223151665336
Neurob,AAV4mut_WT,3,0.015007239373959086,0.025841660586571138,1.0553539331073133e-4,8.755329018025424e-5,0.02247607346741374
Neurob,AAV6_P2,3,0.01327816015139855,0.021963235730542412,8.434157069526334e-4,5.984687155266956e-4,0.01974047936504745
Neurob,AAV7_P5,3,0.013175569010216225,0.0049634218751464605,0.011856529552545967,0.010430718159287276,0.015260900132310046
Neurob,AAV7_A6,3,0.01226750749950915,0.003249579853575082,0.011861764872287139,0.010550808790202423,0.013781334895204871
Neurob,AAVpo1_A6,3,0.008818743762792057,0.0026974221499278866,0.009598524712408905,0.0077079284452051785,0.01031944955518736
Neurob,AAV8_P5,3,0.008153858208431767,0.0030319486333286252,0.008815223465133413,0.006830520618925771,0.009807878426288583
Neurob,AAV5_A2,3,0.008039914722717246,0.0031579855234024493,0.009065012532198881,0.006780871268940036,0.009811507081235273
Neurob,AAV1_A1,3,0.0077862022588138565,0.006466797024078872,0.008317647867399825,0.0046938645227492136,0.011144262799171483
Neurob,AAV8_P4,3,0.0075492028367083255,8.187170487189229e-4,0.007555689703498087,0.007141475666060734,0.007960173440750798
Neurob,AAV8_A2,3,0.006324208865721301,0.0017348401917440487,0.006574778762264727,0.005526243773062019,0.007247458906652295
Neurob,AAV4_P5,3,0.00606362126454447,0.006161133451133911,0.005110321537445124,0.0027725115333850007,0.008878081132154266
Neurob,AAV9_A1,3,0.0056138959098925925,3.982647444610429e-4,0.005459138909984243,0.00538768832086893,0.00576272499896208
Neurob,AAV5_A6,3,0.0050614259501029065,0.0027247179328213325,0.003605174916183693,0.0034897221534732036,0.005905004229773003
Neurob,AAV9_P5,3,0.004989546528570967,0.0013121412942417238,0.004779296511966384,0.004287260819134933,0.005586707229704709
Neurob,AAV8_P2,3,0.004919753683701617,0.008345350903608294,1.3104063909773471e-4,1.0159308909863717e-4,0.007343557756002656
Neurob,AAV7_A1,3,0.0047862176956331055,0.0019387268222216818,0.004961069744098063,0.0038635286482960234,0.005796332767202667
Neurob,AAVpo1_A2,3,0.004467309513465087,0.003098759783099488,0.004472861274182425,0.002919319427078641,0.006018075480210203
Neurob,AAVpo1_P4,3,0.004308148620170491,8.710571672084996e-4,0.004353453346777474,0.003884388258748449,0.004754561344896024
Neurob,AAVrh10_A6,3,0.004171649970258438,0.0017049769961524572,0.005147361488864647,0.003675149455034188,0.0051560062447857935
Neurob,AAV7_WT,3,0.004028155410581629,0.0013096801729202032,0.0036734490680396955,0.0033029060260337416,0.004576051623858549
Neurob,AAV8_A6,3,0.003946063580250154,0.0014731564372815387,0.004642829376155526,0.003448303029834744,0.004792207028618251
Neurob,AAVrh10_P5,3,0.003826194990122446,0.002666131331284511,0.003819333962156557,0.0024914173780272862,0.005157542088234661
Neurob,AAV6_P5,3,0.0036661306599766663,0.004900986491587419,0.00176566105927175,8.82830529635875e-4,0.005499195989965
Neurob,AAV3_P4,3,0.0027125140981807835,0.003400585264203237,0.0015545159102058445,7.983407157202751e-4,0.0040476883866538225
Neurob,AAV2_P5,3,0.0016070227216725692,0.0014915499168341609,0.001869079132734107,9.354452455832377e-4,0.0024096284032926697
Neurob,AAVpo1_P5,3,0.001577934522804338,1.438376090962613e-4,0.0015639916853843262,0.001502783871263427,0.001646113755635243
Neurob,AAV9_WT,3,0.0014017539729897462,8.006978249328202e-4,0.0013851333139151148,9.973145897833973e-4,0.0017978830266587795
Neurob,AAV1_P2,3,0.0013171434012601603,0.0012248992044754563,7.546829251455842e-4,6.145881784990702e-4,0.0017384683859639624
Neurob,AAV5_P5,3,0.0011116580808148353,8.594676391007369e-4,7.309190668340644e-4,6.196222925830214e-4,0.0014133243620562635
Neurob,AAV5_P4,3,0.0010845009639350283,5.082561318863937e-4,9.704319542808966e-4,8.067019977028152e-4,0.0013052654253401755
Neurob,AAV2_WT,3,9.611411743068399e-4,7.996030718657384e-4,8.163674946702657e-4,5.300916069210203e-4,0.0013198039018743723
Neurob,AAV4_A1,3,9.559282839653354e-4,0.0014653552469948115,2.187687025580859e-4,1.1214752181743129e-4,0.0014311292554096146
Neurob,AAV2_A2,3,9.488992288489823e-4,5.591275581145038e-4,0.001029302826663739,6.916127311768647e-4,0.0012463875254284781
Neurob,AAV2_A1,3,8.741663966458596e-4,8.900110249245942e-4,8.076647444522538e-4,4.1346813704551936e-4,0.0013016138301493968
Neurob,AAVrh10_A1,3,7.778440917818611e-4,8.28236735870342e-4,6.380254998696858e-4,3.332206258355921e-4,0.0011525582617720423
Neurob,AAV3_WT,3,7.251485862180464e-4,8.061909167635014e-4,5.712392296462353e-4,2.891232226988829e-4,0.0010842192714513046
Neurob,AAV3_P2,3,5.087131812842317e-4,8.811170764642861e-4,0,0,7.630697719263475e-4
Neurob,AAV12_A6,3,3.894678024142952e-4,6.74578021693756e-4,0,0,5.842017036214428e-4
Neurob,AAV5_A1,3,3.733364480877805e-4,2.495440341952589e-4,4.1883293531541524e-4,2.6150365324641026e-4,5.079174865429681e-4
Neurob,AAV12_A2,3,3.3967191924159793e-4,5.883290220308801e-4,0,0,5.095078788623969e-4
Neurob,AAVrh10_WT,3,2.8264734599308376e-4,4.6757683569971265e-4,1.590803072852176e-5,1.2698095454829929e-5,4.1922693889905657e-4
Neurob,AAV5_WT,3,2.177251565515693e-4,3.4304083280463804e-4,3.8741181034863967e-5,1.996726333734438e-5,3.259910620074416e-4
Neurob,AAV3_P5,3,1.8727300177579306e-4,2.6081957383643217e-4,7.495657807608913e-5,3.8192226625087866e-5,2.801955650766463e-4
Neurob,AAV2_P4,3,1.3093117020137338e-4,2.156354494148034e-4,1.2980783951148265e-5,6.4903919755741324e-6,1.9639675530206004e-4
Neurob,AAV9_P2,3,1.0557800431325007e-4,1.6639233888539415e-4,1.1928294739117712e-5,9.521393803891482e-6,1.5480976003554248e-4
Neurob,AAVpo1_A1,3,1.0421043722374875e-4,1.406062308261202e-4,4.32518031918613e-5,2.3811079035197853e-5,1.541304783963559e-4
Neurob,AAV6_A2,3,7.348816574611463e-5,1.2728523682731336e-4,0,0,1.1023224861917195e-4
Neurob,AAV4mut_A6,3,7.208491758341055e-5,9.223017557791427e-6,7.72543253083337e-5,6.934545941552153e-5,7.740907961376113e-5
Neurob,AAV4mut_P4,3,4.682080026625224e-5,5.824424690049339e-5,1.540717557454573e-5,1.3217246351991736e-5,6.47175418346595e-5
Neurob,AAV2_A6,3,3.746376433039464e-5,5.5923603206368406e-5,6.495868164753103e-6,5.1851266461370914e-6,5.425845393183142e-5
Neurob,AAV3_A6,3,2.2448298609769957e-5,3.530514940369429e-5,2.24677162081083e-6,2.0651308721846664e-6,3.2730702852875686e-5
Neurob,AAV4_WT,3,1.964995966221568e-5,1.657596064804531e-5,1.1255220676972769e-5,1.010297411248712e-5,2.4999575719322783e-5
Neurob,AAV4mut_P2,3,1.5843990721540082e-5,2.000052042926174e-5,9.214464307831347e-6,4.607232153915674e-6,2.3765986082310126e-5
Neurob,AAV4mut_A1,3,6.4734353571672475e-6,2.6355703932890456e-6,6.545122282988966e-6,5.173937543025922e-6,7.808776634219433e-6
Neurob,AAV2_P2,3,4.8568852575991964e-06,2.6334302499332664e-6,3.6402986340225464e-6,3.345997885792502e-6,5.759479317617566e-6
Neurob,AAV8_A1,3,2.27892252099485e-6,2.171595890760095e-6,2.5124517640411917e-6,1.2562258820205958e-6,3.418383781492275e-6
Neurob,AAVpo1_WT,3,6.07526163046708e-7,1.052266181324272e-6,0,0,9.11289244570062e-7
Neurob,AAV12_A1,3,0,0,0,0,0
Neurob,AAV12_P2,3,0,0,0,0,0
Neurob,AAV12_P4,3,0,0,0,0,0
Neurob,AAV3_A1,3,0,0,0,0,0
Neurob,AAV3_A2,3,0,0,0,0,0
Neurob,AAV4_A6,3,0,0,0,0,0
Neurob,AAV4mut_P5,3,0,0,0,0,0
Neurob,AAV4_P2,3,0,0,0,0,0
Neurob,AAV4_P4,3,0,0,0,0,0
Neurob,AAV5_P2,3,0,0,0,0,0
Neurob,AAV6_A6,3,0,0,0,0,0
Neurob,AAV8_WT,3,0,0,0,0,0
Oligo,AAV1_P5,3,0.12477579263035132,0.011487167275323958,0.12382158695298834,0.11880853868218175,0.1302659437398394
Oligo,AAV9_A2,3,0.10189165414933585,0.0033480667770687863,0.10145608914661985,0.10011938805440057,0.10344613774291314
Oligo,AAV7_P4,3,0.08352295527744175,0.0033090207527691575,0.08250173150534343,0.08167332778217834,0.084861970886656
Oligo,AAV1_P4,3,0.07959771781803987,0.00273700449091527,0.07938810843038384,0.0781798264093109,0.08091080453294083
Oligo,AAVpo1_P2,3,0.07390366789427141,0.011940910138449692,0.07939900400092495,0.06980173038304369,0.0807532734588259
Oligo,AAV6_WT,3,0.05717266434484201,0.014672816567242643,0.050195614056883935,0.0487429301556921,0.06211387339001287
Oligo,AAV6_P4,3,0.044038088420832726,0.004028883582184704,0.043316831152804734,0.041867689690805454,0.045847858516846
Oligo,AAVrh10_P2,3,0.04081756117994656,0.011774743167316986,0.046834969772640934,0.03704252718890605,0.047601299467334254
Oligo,AAVrh10_A2,3,0.040418389812842195,0.00492796076486328,0.039326874020950045,0.0377272861928696,0.04256373553686871
Oligo,AAV1_P2,3,0.03448565145681824,0.025924834156601604,0.029463039893008476,0.020451334161314262,0.04600866297041735
Oligo,AAV7_A2,3,0.03083034487539945,0.006844926871920424,0.027714835543282346,0.02690610488112359,0.03319683020361676
Oligo,AAV9_P4,3,0.02709001816567913,0.002803779189278089,0.027328289215457692,0.025751498133817118,0.028547673722430424
Oligo,AAV1_WT,3,0.0270711164951535,0.0020042528882157134,0.025946344624054672,0.025914110217019552,0.027665736837738035
Oligo,AAV1_A6,3,0.025121416272950493,0.004335920655318786,0.02751592674459496,0.023816104052650534,0.027623983729072682
Oligo,AAV9_A6,3,0.01992338230514798,0.001362316901971585,0.0196291168485027,0.0191806815706681,0.02051895031130522
Oligo,AAV7_P2,3,0.019518952894116183,0.0054752120033710544,0.022573969349651123,0.017885933013431044,0.02267948100256879
Oligo,AAV7_A6,3,0.014047369773027552,0.002623880000950612,0.012854696721111853,0.012543185910769937,0.014955217109327318
Oligo,AAVrh10_P4,3,0.012877929346381439,8.251280239345034e-4,0.013071114368166338,0.012522231197039511,0.013330220006615816
Oligo,AAV7_P5,3,0.010548425197816584,0.00143173471787411,0.010892041086610025,0.00993409521034636,0.01133456312968353
Oligo,AAV8_P4,3,0.010214961339098825,0.0017630857029303612,0.010092751882349068,0.00930445587496967,0.011064362074853102
Oligo,AAV5_A2,3,0.009675094400152776,6.926560411800565e-4,0.009656632321194859,0.009324243138788591,0.010016714622038004
Oligo,AAV8_P2,3,0.0093873873874143,0.004242933083842586,0.008908509783601621,0.007156359841353523,0.01137897613156874
Oligo,AAV8_A2,3,0.008514695505605605,0.0018259229917491823,0.007656478182464259,0.0074662358982010724,0.009134046451439467
Oligo,AAVpo1_A6,3,0.008213760451372863,6.474776646721612e-5,0.008236808575363953,0.008188725318345916,0.008250319646395355
Oligo,AAV9_WT,3,0.007762984989395166,0.00931872376445346,0.0026851330470158393,0.002385597426332853,0.010601446581267816
Oligo,AAV1_A2,3,0.0068928594540026925,0.0041770586401622695,0.00785069449461046,0.005085385575449088,0.009179250852860182
Oligo,AAV7_A1,3,0.005475282600610357,0.0012226097343721663,0.005176499347764627,0.004803129469164858,0.005998044105632991
Oligo,AAV3_P4,3,0.0052099739933782925,8.622927113992789e-4,0.00537854387090583,0.004827193861741743,0.00567703906377861
Oligo,AAV5_A6,3,0.005062670557630843,5.820754803069544e-4,0.004774373105749729,0.004727691602078144,0.005253500787242986
Oligo,AAV8_P5,3,0.00490915293022797,0.0019405935733253677,0.00481563309323327,0.003916321586574424,0.005855224355384166
Oligo,AAV9_A1,3,0.004710006954091087,5.374432250941871e-4,0.004632198812018301,0.004423953793307999,0.004957156043837783
Oligo,AAVpo1_P4,3,0.00438594312502017,7.884434295515843e-4,0.004175253320712577,0.0039497506626095455,0.004716790685276998
Oligo,AAV9_P5,3,0.004216673066531314,5.349602547490503e-4,0.004405617756970097,0.004009248974215653,0.004518569504066368
Oligo,AAVrh10_A6,3,0.004166063239588626,3.948470095371534e-4,0.004389006586373285,0.004049588188828615,0.004394009963740966
Oligo,AAVpo1_A2,3,0.003948948542506322,0.0013830287085834327,0.004111754427808213,0.003301738483991428,0.004677561543672162
Oligo,AAV1_A1,3,0.0037085535621338987,0.001970442478702871,0.004099782156115906,0.0028358133518783116,0.004776908069380489
Oligo,AAV7_WT,3,0.0028612259624465875,2.996926800070579e-4,0.0030276276163215547,0.0027714409033160257,0.003034211848514633
Oligo,AAV6_P2,3,0.0024516348416025457,0.0034218365113127818,9.93969439143424e-4,4.96984719571712e-4,0.003677452262403818
Oligo,AAVrh10_P5,3,0.002316253110489162,0.0010411255140015767,0.0019708469205674123,0.0017312876695806901,0.002728515456436759
Oligo,AAV8_A6,3,0.0017901207893578543,0.0012374691016166844,0.0010940934382502765,0.0010757462012621075,0.002156481701899812
Oligo,AAVpo1_P5,3,0.001645248044012868,2.756804709460168e-4,0.0016026377077825006,0.0014979956873568483,0.001771195232553704
Oligo,AAV2_A1,3,0.0013761051423353441,9.245883278460582e-4,0.0010470600484156858,8.540539841903993e-4,0.0017336337535204598
Oligo,AAV2_WT,3,0.001297093541300294,9.814453182872091e-4,9.098907816787031e-4,7.39101342910094e-4,0.0016614843598796985
Oligo,AAV4mut_WT,3,0.0011894820960993203,9.668329613271346e-4,7.235940760115565e-4,6.336989144432581e-4,0.0015123212677115006
Oligo,AAV2_A2,3,0.0011196874257164817,6.835791964859844e-4,0.001059232990691801,7.637881571120687e-4,0.0014453594768085542
Oligo,AAVrh10_A1,3,0.0010052078014131812,2.983421102771223e-4,9.870718013349003e-4,8.517096036056214e-4,0.0011496379991816005
Oligo,AAV6_P5,3,9.692127087440414e-4,0.0013133103906627047,4.437427164326026e-4,2.218713582163013e-4,0.0014538190631160621
Oligo,AAV4mut_P4,3,9.332358888481376e-4,8.676013811756304e-4,5.870586182115751e-4,4.3961260784502033e-4,0.0012537705345329736
Oligo,AAV4_P5,3,7.530900944227653e-4,5.635844980457657e-4,4.3742867969640036e-4,4.277523950228879e-4,9.205970864594601e-4
Oligo,AAV5_P5,3,7.13718036486897e-4,2.6578681810975876e-4,8.505886321741239e-4,6.289898335389582e-4,8.668815372784491e-4
Oligo,AAV3_WT,3,6.768202961636135e-4,3.766141234523845e-4,5.720067123057778e-4,4.6786106413436196e-4,8.33372736263947e-4
Oligo,AAVrh10_WT,3,6.298208195346719e-4,2.5634416557508e-4,6.498919650993462e-4,5.069615232828047e-4,7.627156885688764e-4
Oligo,AAV9_P2,3,5.721026780710318e-4,7.691288174093685e-4,2.2725152294414974e-4,1.3150048539323157e-4,8.402792931853911e-4
Oligo,AAV5_P4,3,5.583620062965832e-4,1.2920890936066602e-4,4.979672425824144e-4,4.8418858167184674e-4,6.023380490642353e-4
Oligo,AAV4_A1,3,4.201260977038271e-4,3.2185825961825095e-4,4.2988416513810686e-4,2.6169196509296836e-4,5.834392640318257e-4
Oligo,AAV4_WT,3,3.9974946134121227e-4,4.443511648280636e-4,3.0875083299033794e-4,1.583463141642937e-4,5.956532943426937e-4
Oligo,AAV2_P4,3,3.7237294024828195e-4,2.842272388749812e-4,2.3356393241268683e-4,2.0889358645614873e-4,4.6644779012261755e-4
Oligo,AAV3_P2,3,3.309475034071968e-4,5.299837647617453e-4,3.2359935442340674e-5,2.499081422633859e-5,4.8761040860562696e-4
Oligo,AAV2_P5,3,3.2304559842056483e-4,2.929408404747525e-4,2.5173818817877806e-4,1.6203985779390253e-4,4.483976339263337e-4
Oligo,AAV5_WT,3,2.5868766728040266e-4,1.6770663420551113e-4,1.7501412897948787e-4,1.6214757716090725e-4,3.133909882494407e-4
Oligo,AAV5_A1,3,1.5984408283588084e-4,3.9787534980026625e-5,1.5629128726895125e-4,1.3912168889789345e-4,1.7879007899040345e-4
Oligo,AAV12_A1,3,1.1761499576456346e-4,2.0371514839622221e-4,0,0,1.764224936468452e-4
Oligo,AAV4mut_A6,3,1.1191956437178426e-4,3.231319559347681e-5,1.0276115948928563e-4,9.39676251674129e-5,1.252923011349063e-4
Oligo,AAV2_P2,3,9.602721546001401e-5,1.0810770526360236e-4,3.875953980251088e-5,3.368013432711094e-5,1.2974045876416553e-4
Oligo,AAV3_A6,3,6.917169313844218e-5,8.964272951357263e-5,3.7069635212811726e-5,1.8534817606405863e-5,1.0375753970766326e-4
Oligo,AAV6_A2,3,6.887364661596287e-5,1.1929265524139197e-4,0,0,1.033104699239443e-4
Oligo,AAVpo1_A1,3,6.175324656862822e-5,3.8889964258631885e-5,4.368990472549278e-5,3.9434910713720015e-5,7.503991150196871e-5
Oligo,AAV8_A1,3,5.141151560837851e-5,8.904735712783194e-5,0,0,7.711727341256776e-5
Oligo,AAV4_P2,3,4.858132774506406e-5,6.774678409969184e-5,1.9772860723152433e-5,9.886430361576216e-6,7.287199161759609e-5
Oligo,AAV3_P5,3,4.282264821534868e-5,3.259979011567479e-5,5.818444657482336e-5,3.17822571119116e-5,6.154393849852311e-5
Oligo,AAV2_A6,3,2.068523132982955e-5,3.351854634962442e-5,2.697936069796123e-6,1.3489680348980616e-6,3.102784699474432e-5
Oligo,AAV8_WT,3,2.0272890213759477e-5,2.1123493030637798e-5,1.8663723391027158e-5,9.331861695513579e-6,3.0409335320639216e-5
Oligo,AAV3_A2,3,1.7322886627415937e-5,3.000411977243988e-5,0,0,2.5984329941123905e-5
Oligo,AAVpo1_WT,3,1.3673554202498791e-5,2.3683290598774848e-5,0,0,2.0510331303748187e-5
Oligo,AAV3_A1,3,1.062457896733619e-5,1.8402310580453954e-5,0,0,1.5936868451004284e-5
Oligo,AAV4mut_P2,3,1.0467572577727041e-5,1.0062905239985601e-5,1.1332777275680037e-5,5.6663886378400185e-6,1.5701358866590562e-5
Oligo,AAV4mut_A1,3,7.472388859168311e-6,8.111664755970585e-6,6.3176060176656e-6,3.1588030088328e-6,1.1208583288752466e-5
Oligo,AAV12_A2,3,0,0,0,0,0
Oligo,AAV12_A6,3,0,0,0,0,0
Oligo,AAV12_P2,3,0,0,0,0,0
Oligo,AAV12_P4,3,0,0,0,0,0
Oligo,AAV4_A6,3,0,0,0,0,0
Oligo,AAV4mut_P5,3,0,0,0,0,0
Oligo,AAV4_P4,3,0,0,0,0,0
Oligo,AAV5_P2,3,0,0,0,0,0
Oligo,AAV6_A6,3,0,0,0,0,0
Prog,AAV1_P5,3,0.11189301745649798,0.019659101092885514,0.11111839046848111,0.10187553481842197,0.12152318660056555
Prog,AAV9_A2,3,0.09735105605988302,0.015507673279985621,0.10571171386423758,0.09258442677469003,0.10629801424725328
Prog,AAVpo1_P2,3,0.09698508661053358,0.12645414032506302,0.029767436039586793,0.024051380826554,0.13630996710903978
Prog,AAV1_P4,3,0.08435483438324454,0.010095267419852085,0.0896758168236904,0.08119398369958548,0.09017617628712651
Prog,AAV1_P2,3,0.07313543479544929,0.12537747193343446,0.0015000256145967896,7.500128072983948e-4,0.10970315219317392
Prog,AAV7_P4,3,0.06840993361503817,0.028688834811767004,0.055650969493465714,0.051982406999763656,0.07845797816952645
Prog,AAV6_WT,3,0.05452621109450831,0.009111566366104185,0.05762839148741562,0.05094851029882686,0.05965500208664341
Prog,AAV1_A6,3,0.04371996794747241,0.02551492282633298,0.030582631111377878,0.02901669034955577,0.05185457712734178
Prog,AAVrh10_A2,3,0.0326993403439831,0.009585453869572184,0.03346909471905513,0.02811065630448705,0.037672901571015174
Prog,AAV7_A2,3,0.03093368940517301,0.005970420244852401,0.03133986579725567,0.028055209029551328,0.03401525797683602
Prog,AAV6_P4,3,0.024381733964943763,0.03714713915802681,0.0055674295754196855,0.0029866449764288164,0.03636967075869667
Prog,AAV9_P4,3,0.0232876318477155,0.00475803635767112,0.02548219560348931,0.02165528519944627,0.026017260373871635
Prog,AAV7_P2,3,0.022857399947755663,0.0016849921801957667,0.02340449039610939,0.022185668125980097,0.02380267699370809
Prog,AAV1_WT,3,0.022591043707164755,0.007856047161748566,0.025483786454193188,0.019591276716366943,0.02703718207147679
Prog,AAVrh10_P2,3,0.020667431364263817,0.012620165531884586,0.01901458488808388,0.0139848567004829,0.026523582789954765
Prog,AAV9_A6,3,0.0200114960413572,0.006508701245547042,0.018331419018010726,0.016419482231596227,0.022763471339444938
Prog,AAV7_A6,3,0.013587552917603812,0.005144541908285745,0.015432962379683059,0.01160390224713064,0.016493908319116606
Prog,AAV1_A2,3,0.012727762234748455,0.015765993641623365,0.0076302672574103635,0.0038857234901526552,0.01902105349067521
Prog,AAVpo1_P4,3,0.012333326244932451,0.013028295153177267,0.0053200788679822544,0.004817045428008642,0.016342983373381165
Prog,AAV8_A2,3,0.011104469631473171,7.849410433050088e-4,0.01133467096824332,0.010782418875744762,0.011541621055586655
Prog,AAV8_P4,3,0.009496153068875971,0.0016676237450051461,0.009698550351421885,0.008717559188274266,0.010375945590750633
Prog,AAV8_P2,3,0.00928530260196847,0.009676165898172811,0.008278102573318003,0.004215117295619068,0.013851887893992639
Prog,AAV7_P5,3,0.008965696849275208,0.0026528803566862533,0.009259532914397215,0.007718832092572641,0.010359479638538779
Prog,AAV5_A2,3,0.008348264636655701,0.0012343271093329354,0.008858360267137926,0.00789950405536119,0.009052073033191325
Prog,AAVpo1_A6,3,0.007798228958066823,0.0018675062695657392,0.007937309238902578,0.006901190011701103,0.008764808044850421
Prog,AAV8_P5,3,0.007579919126692641,0.0020137012482679727,0.006877856870999073,0.006444543656438664,0.008364263469099834
Prog,AAVrh10_P4,3,0.006940757065973822,0.004652554181354186,0.004950120576347438,0.0042824102529775915,0.008603785634156862
Prog,AAV9_A1,3,0.006501369986918923,5.580678419664141e-4,0.006615763047917167,0.0062553660913368375,0.006804570413000132
Prog,AAV9_P5,3,0.005614791713325996,0.0017460840496558642,0.0052928531720434855,0.004672466577943105,0.0063961475780676316
Prog,AAV7_A1,3,0.0053130403984948575,0.002929326993151651,0.006356145221263085,0.004180537569019771,0.006967095639354057
Prog,AAV5_A6,3,0.004834167237171047,0.001128709810144472,0.005053011338112588,0.004332536128434744,0.00544522039637812
Prog,AAVrh10_P5,3,0.004234982720070399,0.002909644668194663,0.004928228416159927,0.002984778259145089,0.005831810029040473
Prog,AAV1_A1,3,0.00421964564933053,0.005090124729337945,0.002677283354635821,0.0013781841163968927,0.006289926034916813
Prog,AAVpo1_A2,3,0.0028317520563211573,0.0025518516401781452,0.0031626215211412257,0.0016466128808171813,0.004182325964235168
Prog,AAVrh10_A6,3,0.002820868114509953,0.0022224047946794064,0.002605478259085594,0.0016597392411818606,0.0038743020601258657
Prog,AAV9_P2,3,0.0028095797194057936,0.0038126427547436007,9.258503564601088e-4,6.156472668962291e-4,0.004061647490442515
Prog,AAV3_P4,3,0.0027855466537458975,0.0018471017665051416,0.0019334468477054739,0.0017258769455290872,0.003419166458942496
Prog,AAV4_A1,3,0.002667144782786979,0.0029845666099035995,0.0010377496615395017,9.44839586553592e-4,0.0035747524183966277
Prog,AAVrh10_A1,3,0.0025318348312982357,0.0030950320136583606,0.001122074436906833,7.573667012982105e-4,0.00360142276410256
Prog,AAV5_P4,3,0.0019036949269250248,8.708483146285219e-4,0.0022061228437354244,0.0015640369896461007,0.002394566822609149
Prog,AAVpo1_P5,3,0.001727387410186373,5.862858795432723e-4,0.0016327680275737494,0.0014134669482964105,0.0019939981807700242
Prog,AAV2_P2,3,0.0014837339388887594,0.0024378286998131297,1.5049930651478907e-4,7.689456035551641e-5,0.0022239560012350173
Prog,AAV2_WT,3,0.0014357624058659005,8.082604267346096e-4,0.0012929834063118233,0.0010006945424012523,0.00179944076955351
Prog,AAV8_A6,3,0.0013464672624278805,0.0013804767654660695,0.0012740350950809674,6.388337885290467e-4,0.0020178846526532576
Prog,AAVrh10_WT,3,0.0013138463443620203,1.0456403786495763e-4,0.0013452675846759557,0.0012712210461402005,0.0013721822627408078
Prog,AAV2_A2,3,0.0012774924634694706,0.002100566119326761,1.1543880495852314e-4,6.507863492498623e-5,0.001908879462758481
Prog,AAV7_WT,3,0.0010514577392126937,6.483108041440085e-4,0.0013466359911015072,8.273600194387889e-4,0.0014231445849310052
Prog,AAV2_A1,3,0.001011573569107949,9.11872848912614e-4,0.0012276165742582863,6.19348352120839e-4,0.0015118202886702274
Prog,AAV9_WT,3,9.710669738906653e-4,2.3445352780661325e-4,9.884430013364206e-4,8.584259262006576e-4,0.0010923960353035507
Prog,AAV5_P5,3,8.159036002153835e-4,3.5474181283048515e-4,7.823336522676653e-4,6.307368590818521e-4,9.842853673750558e-4
Prog,AAV12_A6,3,4.489054153952127e-4,7.775269872573204e-4,0,0,6.73358123092819e-4
Prog,AAV3_WT,3,3.9397077697527573e-4,5.261663400236227e-4,1.7045222353769503e-4,9.345844988861083e-5,5.827238273431503e-4
Prog,AAVpo1_A1,3,3.020113376527483e-4,5.150418503421817e-4,5.526436256101226e-6,4.652215074664102e-6,4.511280095325089e-4
Prog,AAV4mut_WT,3,2.9905187712183815e-4,2.2161764159467652e-4,2.791966007836935e-4,1.8361328142840993e-4,4.045628346461941e-4
Prog,AAV5_A1,3,2.0176814065089014e-4,1.2608198017399354e-4,1.417791160395036e-4,1.2933036435062024e-4,2.4421140464546675e-4
Prog,AAV2_P4,3,1.846223623003172e-4,3.1227213947121604e-4,5.997276559219399e-6,4.334514390462465e-6,2.7559766733962305e-4
Prog,AAV6_P2,3,1.2703540950071717e-4,2.200317836155602e-4,0,0,1.9055311425107574e-4
Prog,AAV4_P5,3,1.217622520625599e-4,1.7477192118314387e-4,2.475191204783354e-5,2.088237120140099e-5,1.7413696291635562e-4
Prog,AAV4mut_A6,3,8.711196004736132e-5,9.630283559347777e-6,9.158461873891367e-5,8.382164270811913e-5,9.26386067323797e-5
Prog,AAV6_A2,3,7.922228190723715e-5,1.3721701735487936e-4,0,0,1.1883342286085573e-4
Prog,AAV3_P5,3,7.659989707939592e-5,1.2951841790999254e-4,2.8801265850970847e-6,1.8248855575396058e-6,1.1451502335410281e-4
Prog,AAV5_WT,3,6.441062094740058e-5,1.0399221465645773e-4,4.427587717571105e-6,4.370696806378653e-6,9.445902847350778e-5
Prog,AAV8_A1,3,5.1735881883647724e-5,8.727406016289851e-5,2.708492719995941e-6,1.3542463599979704e-6,7.760382282547159e-5
Prog,AAV3_A6,3,3.983214461406937e-5,6.605867908387825e-5,2.030454618415043e-6,1.6936442019740209e-6,5.9069800028337557e-5
Prog,AAV4mut_P4,3,1.4837175046091219e-5,4.1455817195893656e-6,1.3287490244106346e-5,1.2488586746985965e-5,1.641092094420404e-5
Prog,AAV4mut_P2,3,1.353969493856198e-5,2.3451439552572518e-5,0,0,2.030954240784297e-5
Prog,AAV2_P5,3,9.071567935646149e-6,1.969716889666309e-6,7.984807291884199e-6,7.934719103880723e-6,9.6650364455306e-6
Prog,AAV3_P2,3,3.316454280452354e-6,5.74426731472276e-6,0,0,4.974681420678531e-6
Prog,AAV2_A6,3,2.4306293258138454e-6,2.1796538475317995e-6,3.0803277712813496e-6,1.5401638856406748e-6,3.6459439887207683e-6
Prog,AAV4mut_A1,3,2.4043437601667722e-6,4.164445551470049e-6,0,0,3.606515640250158e-6
Prog,AAVpo1_WT,3,5.073573921131128e-7,8.787687807355565e-7,0,0,7.610360881696692e-7
Prog,AAV12_A1,3,0,0,0,0,0
Prog,AAV12_A2,3,0,0,0,0,0
Prog,AAV12_P2,3,0,0,0,0,0
Prog,AAV12_P4,3,0,0,0,0,0
Prog,AAV3_A1,3,0,0,0,0,0
Prog,AAV3_A2,3,0,0,0,0,0
Prog,AAV4_A6,3,0,0,0,0,0
Prog,AAV4mut_P5,3,0,0,0,0,0
Prog,AAV4_P2,3,0,0,0,0,0
Prog,AAV4_P4,3,0,0,0,0,0
Prog,AAV4_WT,3,0,0,0,0,0
Prog,AAV5_P2,3,0,0,0,0,0
Prog,AAV6_A6,3,0,0,0,0,0
Prog,AAV6_P5,3,0,0,0,0,0
Prog,AAV8_WT,3,0,0,0,0,0
qNSC,AAV1_P5,3,0.12431185638207001,0.004182304242186741,0.12607782878819787,0.12280702764036733,0.12669967132683663
qNSC,AAVpo1_P2,3,0.12231166542523243,0.055175995136049906,0.142158846752978,0.10105821002281051,0.15348871149152712
qNSC,AAV9_A2,3,0.09243104765445216,0.008551839857194137,0.09099260691127607,0.08784112627696158,0.0963017486603547
qNSC,AAV1_P4,3,0.08327212771705238,0.013897658045526139,0.0819475607196216,0.07601586790277395,0.08986610403261541
qNSC,AAV7_P4,3,0.0639436725802019,0.023635500409044715,0.05058209698441551,0.050298691076885615,0.07090786628562498
qNSC,AAV6_WT,3,0.049805815420195514,0.03020899340119064,0.0517737234884275,0.035217351580887436,0.06537823329361958
qNSC,AAVpo1_A2,3,0.045472355574247295,0.0711256826910352,0.004874187406821536,0.004408802573147438,0.06623682449163426
qNSC,AAV7_P2,3,0.030358655581864215,0.012506232288988305,0.02414796199766387,0.023160711820975233,0.034451252550653025
qNSC,AAVrh10_A2,3,0.030195243973833216,0.005928825484179205,0.027034251123361466,0.02677549653268798,0.032034494989742576
qNSC,AAV1_A6,3,0.02894029947179839,0.03584159058308291,0.017310250528881747,0.008834123867115528,0.04323145060502293
qNSC,AAVrh10_P2,3,0.02612584784032259,0.011954160629763146,0.025475565337986374,0.019992833222401248,0.03193372120707583
qNSC,AAV6_P4,3,0.024093088974985497,0.03323697072413018,0.009407761060275795,0.0050679945832643805,0.03577551940935176
qNSC,AAV9_P4,3,0.023668221846088078,0.004272695148909973,0.02300912187451726,0.021386248571495868,0.025620645134894877
qNSC,AAV1_WT,3,0.02086927314826553,0.007861179973412456,0.019538317068601808,0.016648425092137854,0.024424643164561343
qNSC,AAV9_A6,3,0.02060330148430207,0.005792755962256531,0.01880400128261666,0.017363856803607636,0.022943096064153803
qNSC,AAV7_A2,3,0.020197867551459005,0.015217394438681784,0.02188734874164698,0.013046791911332976,0.02819368378667902
qNSC,AAV8_P2,3,0.01678837413419707,0.011789515465101912,0.02209733396587795,0.012687587654472657,0.023543640529761923
qNSC,AAV1_A2,3,0.01619015155041373,0.026739196321487444,0.0015169629099910078,7.584814549955039e-4,0.024285227325620596
qNSC,AAV7_A6,3,0.014647497310494124,0.0042458084895361575,0.01586152001120873,0.012894215357389927,0.017007790613955624
qNSC,AAV1_A1,3,0.013184562414295923,0.014947660667205265,0.005803863126545672,0.0045833436696960834,0.018095431515020636
qNSC,AAVrh10_P4,3,0.010690930310835923,0.004831529209600322,0.01230212470459189,0.008780899799052538,0.013406558019497292
qNSC,AAVpo1_A6,3,0.00997596159411863,0.0038484761048194647,0.011207730113394435,0.008435064353849064,0.012132743094026097
qNSC,AAV8_P4,3,0.009022972962275909,0.0039222108701672245,0.011257004254848607,0.00787556708244988,0.011287394488388287
qNSC,AAV8_A2,3,0.008766832441093959,0.004798257795482029,0.007708568732243681,0.006147307049591084,0.010857225978171693
qNSC,AAV7_P5,3,0.008683040033581557,0.003258411399549944,0.008110638048330064,0.006929697954137667,0.010150181120399702
qNSC,AAV9_A1,3,0.007738506529967691,0.0019159166945608758,0.006638033278828719,0.006632356366387988,0.008294420067977908
qNSC,AAV5_A2,3,0.006715958750491141,0.0037398318669035536,0.006982318184916663,0.004916193077488075,0.008648904140706966
qNSC,AAV8_P5,3,0.006643632030692889,0.00143716284617659,0.0066646560990665064,0.005930364294205008,0.00736741180136758
qNSC,AAV4_WT,3,0.006294488705364107,0.010894015552588577,6.491325308462334e-6,4.825967012563027e-6,0.00944015275368783
qNSC,AAVrh10_A6,3,0.005912981420835692,0.003907961036970617,0.004104817221298607,0.0036706843740954703,0.007251196367807371
qNSC,AAV7_A1,3,0.005526576127528035,0.0024527393467841446,0.005948012834608302,0.004419218970019232,0.006844651638576972
qNSC,AAV5_A6,3,0.0050703199857623504,0.0013623881400022433,0.0054778050712283146,0.004514245899811672,0.005830136614446011
qNSC,AAV9_P5,3,0.004385328736380063,0.001061090424473064,0.0042665278152838855,0.00382758313760809,0.004883673874603946
qNSC,AAVpo1_P4,3,0.003227745430860837,0.0017695526446026616,0.004130994753684661,0.00265992339083396,0.0042471921322996264
qNSC,AAVrh10_P5,3,0.0028510262592003886,0.002123074392616992,0.001703288447047319,0.0016260795044701908,0.003502104107854052
qNSC,AAV4_A1,3,0.0023988618953826027,0.0026861755565902954,0.0018645451789708074,9.422730455151719e-4,0.0035882923870441358
qNSC,AAV3_P4,3,0.002191694459150796,0.0036927580207321213,7.10724850429943e-5,5.968975050716066e-5,0.003263388180740531
qNSC,AAV4mut_P4,3,0.0021295174047971286,0.0022757708966127193,0.0018233907515669216,9.228476937266039e-4,0.00318312378925255
qNSC,AAV4mut_P2,3,0.0019784406682462684,0.0034267597571630585,0,0,0.0029676610023694028
qNSC,AAVpo1_P5,3,0.0019331679026685544,2.818339778350309e-4,0.0020909449189729927,0.0018493642349499454,0.002095860078539383
qNSC,AAV5_P5,3,0.0018348889633568622,0.0010358044498416886,0.0017130322311395504,0.0012892175256656666,0.0023196320349394015
qNSC,AAV5_P4,3,0.001605465795675457,8.963162444395385e-4,0.001536985374214964,0.001141169652839171,0.0020355217277814967
qNSC,AAV2_A6,3,0.0015485893533547317,0.002538812942476167,1.657791226232515e-4,8.357360712466636e-5,0.002322199984219057
qNSC,AAV9_WT,3,0.0015419466221147813,0.00136343029612203,7.927410702450281e-4,7.550702902977312e-4,0.001954220177996955
qNSC,AAV2_WT,3,0.0014559740079105794,3.4127640327165853e-4,0.0016220180185320854,0.0013427339012544361,0.0016522361198774756
qNSC,AAV8_A6,3,0.0014204691249116402,0.0016605154871058628,9.664058296509105e-4,5.00311872728012e-4,0.0021135947294649037
qNSC,AAV7_WT,3,0.00131754262222293,0.0011251460519100137,0.0017351940164257711,8.892432776479788e-4,0.001954667663899302
qNSC,AAVrh10_A1,3,0.0010344449165874017,0.00122635238829675,6.749071470294388e-4,3.514775068828172e-4,0.0015376434415130048
qNSC,AAV4mut_A1,3,0.0010319850746104504,0.0017641353986952142,1.3762908105298987e-5,1.3461042197780591e-5,0.0015413980237705446
qNSC,AAV2_A1,3,9.770646808106404e-4,0.0016584091663989955,2.056442178879099e-5,1.9581870209738993e-5,0.0014562973619006172
qNSC,AAVrh10_WT,3,8.211292135072924e-4,7.58305880693753e-4,8.945413004646071e-4,4.616642209159261e-4,0.0012173002495773162
qNSC,AAV3_WT,3,7.42023401233095e-4,8.865579201308482e-4,4.844741090976741e-4,2.486150363676231e-4,0.0011066571200308564
qNSC,AAV3_P5,3,6.939950684373143e-4,0.001142642813414304,6.793968843201092e-5,3.4571292404057284e-5,0.0010403911544679197
qNSC,AAV2_P4,3,5.84626141593186e-4,8.374548151760043e-4,2.021361759765793e-4,1.0442380246120853e-4,8.735834979168602e-4
qNSC,AAV6_P2,3,5.070529522261471e-4,6.379444885650881e-4,2.978201515876538e-4,1.489100757938269e-4,7.605794283392207e-4
qNSC,AAV2_A2,3,4.827854697980134e-4,5.726695745828154e-4,3.2490678149446546e-4,1.6526176453454336e-4,7.213698309097094e-4
qNSC,AAV4mut_WT,3,4.480034489658882e-4,6.690301438121122e-4,6.317078508344691e-5,6.173959914469658e-5,6.418509668458592e-4
qNSC,AAVpo1_A1,3,3.3085249087622744e-4,5.225959053144835e-4,5.9233026791628425e-5,2.9616513395814213e-5,4.962787363143412e-4
qNSC,AAV2_P5,3,3.079212201877108e-4,4.321851834870815e-4,1.1289560394440705e-4,6.0256678043967246e-5,4.5807295420980244e-4
qNSC,AAV8_A1,3,3.069048195931299e-4,5.315747406230612e-4,0,0,4.6035722938969484e-4
qNSC,AAV5_A1,3,2.7426517429797486e-4,3.8109608379073323e-4,1.120291931792003e-4,5.6580630392839414e-5,4.1083172764372306e-4
qNSC,AAV1_P2,3,2.664875473798764e-4,4.6156997164636433e-4,0,0,3.997313210698146e-4
qNSC,AAV8_WT,3,2.641218659644456e-4,4.574724912403167e-4,0,0,3.9618279894666834e-4
qNSC,AAV12_A1,3,2.1713390414982074e-4,3.760869540332802e-4,0,0,3.257008562247311e-4
qNSC,AAV5_WT,3,1.6112185963737337e-4,2.5400165997042343e-4,2.307862971509312e-5,1.455649705952161e-5,2.38665607254085e-4
qNSC,AAV4mut_A6,3,9.922489338236758e-5,3.813065108083424e-5,1.0575822254081638e-4,8.200396050843622e-5,1.1971249083552333e-4
qNSC,AAVpo1_WT,3,6.68069940492074e-5,1.1571310799417887e-4,0,0,1.0021049107381111e-4
qNSC,AAV3_A6,3,3.153779143504176e-5,5.030743353684052e-5,3.408360052603883e-6,2.497541898954734e-6,4.651332527990985e-5
qNSC,AAV12_P4,3,3.1275508476826916e-5,5.4170769714415325e-5,0,0,4.691326271524037e-5
qNSC,AAV4_P5,3,2.1755018599754316e-5,1.128509300958203e-5,1.934268622987998e-5,1.5606919419891132e-5,2.669695159468033e-5
qNSC,AAV9_P2,3,1.9099077708860198e-5,3.5184465721490765e-6,2.0638540215897072e-5,1.7855907120332853e-5,2.111197955090598e-5
qNSC,AAV2_P2,3,3.6815634571923382e-6,6.376654959146057e-6,0,0,5.522345185788508e-6
qNSC,AAV3_A2,3,9.137284821559224e-7,1.5826241554168499e-6,0,0,1.3705927232338836e-6
qNSC,AAV12_A2,3,0,0,0,0,0
qNSC,AAV12_A6,3,0,0,0,0,0
qNSC,AAV12_P2,3,0,0,0,0,0
qNSC,AAV3_A1,3,0,0,0,0,0
qNSC,AAV3_P2,3,0,0,0,0,0
qNSC,AAV4_A6,3,0,0,0,0,0
qNSC,AAV4mut_P5,3,0,0,0,0,0
qNSC,AAV4_P2,3,0,0,0,0,0
qNSC,AAV4_P4,3,0,0,0,0,0
qNSC,AAV5_P2,3,0,0,0,0,0
qNSC,AAV6_A2,3,0,0,0,0,0
qNSC,AAV6_A6,3,0,0,0,0,0
qNSC,AAV6_P5,3,0,0,0,0,0
